Activity,Enjoyment Before the Pandemic,Enjoyment After the Pandemic,Time Spent Daily Before the Pandemic (Minutes),Time Spent Daily After the Pandemic (Minutes)
Travelling and Transport,0.22843107142857141,-0.10395214285714285,72.02142857142856,22.696428571428566
Working from Home,0.14958821428571428,-0.18968035714285716,43.925,265.84642857142853
Staying Fit,0.3861199999999999,0.40143821428571413,65.12857142857142,66.76785714285715
Gardening and DIY,-0.19413678571428578,0.3573739285714285,13.5,42.982142857142854
Sleep and Rest,0.16049857142857146,0.447577857142857,399.4071428571429,520.2607142857141
Entertainment and Socializing,0.4130060714285714,0.20327928571428572,147.57857142857148,184.41071428571428
Number Surveyed,40,,,
